<!-- $Id: UIDropDownMenu.xml 20 2017-05-19 15:59:28Z arith-179865 $ -->
<Ui xmlns="http://www.blizzard.com/wow/ui/" xmlns:xsi="http://www.w3.org/2001/XMLSchema-instance" xsi:schemaLocation="http://www.blizzard.com/wow/ui/
..\FrameXML\UI.xsd">
	<Script file="UIDropDownMenu.lua"/>
	<Include file="UIDropDownMenuTemplates.xml"/>
	<Script file="EasyMenu.lua"/>
	<Button name="Lib_DropDownList1" toplevel="true" frameStrata="FULLSCREEN_DIALOG" inherits="Lib_UIDropDownListTemplate" hidden="true" id="1">
		<Size>
			<AbsDimension x="180" y="10"/>
		</Size>
		<Scripts>
			<OnLoad>
				local fontName, fontHeight, fontFlags = _G["Lib_DropDownList1Button1NormalText"]:GetFont();
				LIB_UIDROPDOWNMENU_DEFAULT_TEXT_HEIGHT = fontHeight;
			</OnLoad>
		</Scripts>
	</Button>
	<Button name="Lib_DropDownList2" toplevel="true" frameStrata="FULLSCREEN_DIALOG" inherits="Lib_UIDropDownListTemplate" hidden="true" id="2">
		<Size>
			<AbsDimension x="180" y="10"/>
		</Size>
	</Button>
</Ui>
